"ms1z1","Ion","Ion_type","Ion_num","MH"
1310.69506,"b1","b","1",100.07569
1310.69506,"b2","b","2",237.1346
1310.69506,"b3","b","3",350.21867
1310.69506,"b4","b","4",451.26634
1310.69506,"b5","b","5",548.31911
1310.69506,"b6","b","6",677.3617
1310.69506,"b7","b","7",806.40429
1310.69506,"b8","b","8",934.49926
1310.69506,"b9","b","9",1021.53129
1310.69506,"b10","b","10",1092.5684
1310.69506,"b11","b","11",1191.63681
1310.69506,"y11","y","11",1211.62664
1310.69506,"y10","y","10",1074.56773
1310.69506,"y9","y","9",961.48367
1310.69506,"y8","y","8",860.43599
1310.69506,"y7","y","7",763.38323
1310.69506,"y6","y","6",634.34063
1310.69506,"y5","y","5",505.29804
1310.69506,"y4","y","4",377.20308
1310.69506,"y3","y","3",290.17105
1310.69506,"y2","y","2",219.13393
1310.69506,"y1","y","1",120.06552
